Year,Level,Words
2025-2026,Two Bee,hesitate
2025-2026,Two Bee,scorcher
2025-2026,Two Bee,scavenger
2025-2026,Two Bee,fragments
2025-2026,Two Bee,deflated
2025-2026,Two Bee,unleash
2025-2026,Two Bee,ration
2025-2026,Two Bee,cosmetics
2025-2026,Two Bee,crawdad
2025-2026,Two Bee,frustration
2025-2026,Two Bee,unruly
2025-2026,Two Bee,mascot
2025-2026,Two Bee,aroma
2025-2026,Two Bee,moustache; mustache
2025-2026,Two Bee,artifacts; artefacts
2025-2026,Two Bee,perfume
2025-2026,Two Bee,sinister
2025-2026,Two Bee,tuxedo
2025-2026,Two Bee,discoveries
2025-2026,Two Bee,lurches
2025-2026,Two Bee,language
2025-2026,Two Bee,prognosis
2025-2026,Two Bee,Buffalo
2025-2026,Two Bee,sequins
2025-2026,Two Bee,gallop
2025-2026,Two Bee,fabulous
2025-2026,Two Bee,lanky
2025-2026,Two Bee,fluently
2025-2026,Two Bee,mysterious
2025-2026,Two Bee,brandished
2025-2026,Two Bee,sardines
2025-2026,Two Bee,anguish
2025-2026,Two Bee,conical
2025-2026,Two Bee,rickety
2025-2026,Two Bee,lilt
2025-2026,Two Bee,pediatric
2025-2026,Two Bee,porridge
2025-2026,Two Bee,democracy
2025-2026,Two Bee,rummage
2025-2026,Two Bee,beige
2025-2026,Two Bee,ancestral
2025-2026,Two Bee,grimace
2025-2026,Two Bee,gaunt
2025-2026,Two Bee,enormous
2025-2026,Two Bee,geranium
2025-2026,Two Bee,nautical
2025-2026,Two Bee,dubious
2025-2026,Two Bee,ebony
2025-2026,Two Bee,foreign
2025-2026,Two Bee,paltry
2025-2026,Two Bee,verdict
2025-2026,Two Bee,garbled
2025-2026,Two Bee,encourages
2025-2026,Two Bee,imitation
2025-2026,Two Bee,miniature
2025-2026,Two Bee,receptionist
2025-2026,Two Bee,preamble
2025-2026,Two Bee,plausible
2025-2026,Two Bee,reprimanding
2025-2026,Two Bee,commotion
2025-2026,Two Bee,oblivion
2025-2026,Two Bee,immigrants
2025-2026,Two Bee,steeple
2025-2026,Two Bee,spectators
2025-2026,Two Bee,lanyards
2025-2026,Two Bee,suspicious
2025-2026,Two Bee,parchment
2025-2026,Two Bee,ramshackle
2025-2026,Two Bee,fugitive
2025-2026,Two Bee,heron
2025-2026,Two Bee,dissolving
2025-2026,Two Bee,nomad
2025-2026,Two Bee,billowed
2025-2026,Two Bee,skewer
2025-2026,Two Bee,Berlin
2025-2026,Two Bee,lunacy
2025-2026,Two Bee,conjure
2025-2026,Two Bee,bracken
2025-2026,Two Bee,noggin
2025-2026,Two Bee,neon
2025-2026,Two Bee,rakish
2025-2026,Two Bee,hypnosis
2025-2026,Two Bee,rotunda
2025-2026,Two Bee,gusto
2025-2026,Two Bee,toiletries
2025-2026,Two Bee,gleaned
2025-2026,Two Bee,jeered
2025-2026,Two Bee,winsome
2025-2026,Two Bee,prattling
2025-2026,Two Bee,galore
2025-2026,Two Bee,emporium
2025-2026,Two Bee,atrium
2025-2026,Two Bee,eccentric
2025-2026,Two Bee,almanac
2025-2026,Two Bee,hippies
2025-2026,Two Bee,samosas
2025-2026,Two Bee,campaign
2025-2026,Two Bee,pistachio
2025-2026,Two Bee,mosque
2025-2026,Two Bee,zombielike
2025-2026,Two Bee,warlock
2025-2026,Two Bee,colossus
2025-2026,Two Bee,convulsively
2025-2026,Two Bee,dimensional
2025-2026,Two Bee,garishly
2025-2026,Two Bee,graffitist
2025-2026,Two Bee,Everest
2025-2026,Two Bee,dexterity
2025-2026,Two Bee,cavorting
2025-2026,Two Bee,marauder
2025-2026,Two Bee,conscience
2025-2026,Two Bee,battlements
2025-2026,Two Bee,deferential
2025-2026,Two Bee,albatross
2025-2026,Two Bee,khaki
2025-2026,Two Bee,opalescent
2025-2026,Two Bee,asphalt
2025-2026,Two Bee,Yiddish
2025-2026,Two Bee,talcum
2025-2026,Two Bee,tranquilizer
2025-2026,Two Bee,equestrian
2025-2026,Two Bee,plaited
2025-2026,Two Bee,monsieur
2025-2026,Two Bee,manticores
2025-2026,Two Bee,prestigious
2025-2026,Two Bee,fraidycat
2025-2026,Two Bee,guttural
2025-2026,Two Bee,courier
2025-2026,Two Bee,psyche
2025-2026,Two Bee,stucco
2025-2026,Two Bee,Frankenstein
2025-2026,Two Bee,schema
2025-2026,Two Bee,etcetera
2025-2026,Two Bee,vidimus
2025-2026,Two Bee,delphine
2025-2026,Two Bee,slough
2025-2026,Two Bee,archipelago
2025-2026,Two Bee,pheromone
2025-2026,Two Bee,galleon
2025-2026,Two Bee,magnanimous
2025-2026,Two Bee,chartreuse
2025-2026,Two Bee,wainscoting
2025-2026,Two Bee,Nehru
2025-2026,Three Bee,gangly
2025-2026,Three Bee,swaggering
2025-2026,Three Bee,chimneys
2025-2026,Three Bee,riveted
2025-2026,Three Bee,plaid
2025-2026,Three Bee,dirge
2025-2026,Three Bee,zeal
2025-2026,Three Bee,whittled
2025-2026,Three Bee,depots
2025-2026,Three Bee,fiberglass
2025-2026,Three Bee,salvaged
2025-2026,Three Bee,fissures
2025-2026,Three Bee,enthusiastic
2025-2026,Three Bee,discipline
2025-2026,Three Bee,unfamiliar
2025-2026,Three Bee,scurrying
2025-2026,Three Bee,dignitaries
2025-2026,Three Bee,pizzeria
2025-2026,Three Bee,dismissal
2025-2026,Three Bee,skittish
2025-2026,Three Bee,careened
2025-2026,Three Bee,nomination
2025-2026,Three Bee,opportunist
2025-2026,Three Bee,dictatorship
2025-2026,Three Bee,comrades
2025-2026,Three Bee,sporadic
2025-2026,Three Bee,promenade
2025-2026,Three Bee,repugnant
2025-2026,Three Bee,invincible
2025-2026,Three Bee,renowned
2025-2026,Three Bee,parachute
2025-2026,Three Bee,laborious
2025-2026,Three Bee,appointment
2025-2026,Three Bee,foreseeable
2025-2026,Three Bee,ratify
2025-2026,Three Bee,scalpel
2025-2026,Three Bee,reclusive
2025-2026,Three Bee,compassionate
2025-2026,Three Bee,bulletin
2025-2026,Three Bee,alfalfa
2025-2026,Three Bee,officially
2025-2026,Three Bee,crematorium
2025-2026,Three Bee,bayonet
2025-2026,Three Bee,amicable
2025-2026,Three Bee,exuberant
2025-2026,Three Bee,beautician
2025-2026,Three Bee,equations
2025-2026,Three Bee,assignment
2025-2026,Three Bee,ultimatum
2025-2026,Three Bee,whinnying
2025-2026,Three Bee,squalor
2025-2026,Three Bee,memoirs
2025-2026,Three Bee,cylinders
2025-2026,Three Bee,ominous
2025-2026,Three Bee,muffler
2025-2026,Three Bee,syndrome
2025-2026,Three Bee,premises
2025-2026,Three Bee,safari
2025-2026,Three Bee,lasagna
2025-2026,Three Bee,substantially
2025-2026,Three Bee,mercantile
2025-2026,Three Bee,formidable
2025-2026,Three Bee,propaganda
2025-2026,Three Bee,marquee
2025-2026,Three Bee,proficient
2025-2026,Three Bee,compunction
2025-2026,Three Bee,emphatically
2025-2026,Three Bee,hyperventilated
2025-2026,Three Bee,ostracism
2025-2026,Three Bee,onslaught
2025-2026,Three Bee,ruefully
2025-2026,Three Bee,misanthrope
2025-2026,Three Bee,prototype
2025-2026,Three Bee,cravenly
2025-2026,Three Bee,mulberry
2025-2026,Three Bee,hypocritical
2025-2026,Three Bee,chlorine
2025-2026,Three Bee,traumatic
2025-2026,Three Bee,receipts
2025-2026,Three Bee,solemnly
2025-2026,Three Bee,begrudge
2025-2026,Three Bee,contentious
2025-2026,Three Bee,precocious
2025-2026,Three Bee,ensemble
2025-2026,Three Bee,cadre
2025-2026,Three Bee,lye
2025-2026,Three Bee,belfry
2025-2026,Three Bee,lacrosse
2025-2026,Three Bee,sluice
2025-2026,Three Bee,cajolery
2025-2026,Three Bee,vigilance
2025-2026,Three Bee,residuals
2025-2026,Three Bee,boutique
2025-2026,Three Bee,peroxide
2025-2026,Three Bee,aristocracy
2025-2026,Three Bee,apocalypse
2025-2026,Three Bee,tuberculosis
2025-2026,Three Bee,barricade
2025-2026,Three Bee,confreres
2025-2026,Three Bee,anonymously
2025-2026,Three Bee,unparalleled
2025-2026,Three Bee,barrette
2025-2026,Three Bee,chassis
2025-2026,Three Bee,junket
2025-2026,Three Bee,quandary
2025-2026,Three Bee,Erie
2025-2026,Three Bee,gingham
2025-2026,Three Bee,silhouette
2025-2026,Three Bee,auxiliary
2025-2026,Three Bee,thesaurus
2025-2026,Three Bee,patriarchs
2025-2026,Three Bee,chandelier
2025-2026,Three Bee,dulce
2025-2026,Three Bee,concierge
2025-2026,Three Bee,latticework
2025-2026,Three Bee,hibiscus
2025-2026,Three Bee,tamale
2025-2026,Three Bee,maracas
2025-2026,Three Bee,gyroplane
2025-2026,Three Bee,burpees
2025-2026,Three Bee,Adriatic
2025-2026,Three Bee,piccolo
2025-2026,Three Bee,tulle
2025-2026,Three Bee,boll
2025-2026,Three Bee,weevil
2025-2026,Three Bee,camphor
2025-2026,Three Bee,Tucson
2025-2026,Three Bee,paparazzi
2025-2026,Three Bee,pumpernickel
2025-2026,Three Bee,pogrom
2025-2026,Three Bee,bursitis
2025-2026,Three Bee,pâtisserie
2025-2026,Three Bee,cycads
2025-2026,Three Bee,sarsaparilla
2025-2026,Three Bee,cannelloni
2025-2026,Three Bee,boulangerie
2025-2026,Three Bee,bronchitis
2025-2026,Three Bee,Oswego
2025-2026,Three Bee,diphtheria
2025-2026,Three Bee,baklava
2025-2026,Three Bee,corbels
2025-2026,Three Bee,trebuchets
2025-2026,Three Bee,Kilimanjaro
2025-2026,Three Bee,fräulein
2025-2026,Three Bee,protégé
2025-2026,Three Bee,maquisards
2025-2026,Three Bee,Aubusson
2025-2026,One Bee,goats
2025-2026,One Bee,woozy
2025-2026,One Bee,limbs
2025-2026,One Bee,ahead
2025-2026,One Bee,señor
2025-2026,One Bee,unicorn
2025-2026,One Bee,faraway
2025-2026,One Bee,heater
2025-2026,One Bee,pirates
2025-2026,One Bee,understand
2025-2026,One Bee,wooden
2025-2026,One Bee,leaning
2025-2026,One Bee,breakfast
2025-2026,One Bee,window
2025-2026,One Bee,acrobat
2025-2026,One Bee,message
2025-2026,One Bee,chocolate
2025-2026,One Bee,forepaw
2025-2026,One Bee,elephant
2025-2026,One Bee,hedgehog
2025-2026,One Bee,recipe
2025-2026,One Bee,garbage
2025-2026,One Bee,surprise
2025-2026,One Bee,mermaid
2025-2026,One Bee,bombarded
2025-2026,One Bee,disability
2025-2026,One Bee,incredible
2025-2026,One Bee,leather
2025-2026,One Bee,countess
2025-2026,One Bee,nervous
2025-2026,One Bee,peppercorn
2025-2026,One Bee,cartwheel
2025-2026,One Bee,raise
2025-2026,One Bee,weather
2025-2026,One Bee,zooming
2025-2026,One Bee,attacked
2025-2026,One Bee,turnout
2025-2026,One Bee,eaten
2025-2026,One Bee,streetlights
2025-2026,One Bee,journey
2025-2026,One Bee,courtyard
2025-2026,One Bee,shouting
2025-2026,One Bee,asleep
2025-2026,One Bee,curious
2025-2026,One Bee,dinosaur
2025-2026,One Bee,brilliant
2025-2026,One Bee,vacuum
2025-2026,One Bee,gorgeous
2025-2026,One Bee,monsoon
2025-2026,One Bee,dangerous
2025-2026,One Bee,avocado
2025-2026,One Bee,valentine
2025-2026,One Bee,February
2025-2026,One Bee,formation
2025-2026,One Bee,especially
2025-2026,One Bee,tag
2025-2026,One Bee,send
2025-2026,One Bee,deck
2025-2026,One Bee,stuck
2025-2026,One Bee,snug
2025-2026,One Bee,fish
2025-2026,One Bee,hold
2025-2026,One Bee,mind
2025-2026,One Bee,stay
2025-2026,One Bee,scrub
2025-2026,One Bee,draw
2025-2026,One Bee,brown
2025-2026,One Bee,cozy; cosy
2025-2026,One Bee,tint
2025-2026,One Bee,milk
2025-2026,One Bee,yawn
2025-2026,One Bee,tank
2025-2026,One Bee,want
2025-2026,One Bee,crowd
2025-2026,One Bee,pond
2025-2026,One Bee,skirt
2025-2026,One Bee,sharks
2025-2026,One Bee,quilt
2025-2026,One Bee,twigs
2025-2026,One Bee,taffy
2025-2026,One Bee,comfy
2025-2026,One Bee,stretch
2025-2026,One Bee,tight
2025-2026,One Bee,candy
2025-2026,One Bee,scrunch
2025-2026,One Bee,ruby
2025-2026,One Bee,close
2025-2026,One Bee,tackle
2025-2026,One Bee,wire
2025-2026,One Bee,skater
2025-2026,One Bee,giant
2025-2026,One Bee,bucket
2025-2026,One Bee,chance
2025-2026,One Bee,baskets
2025-2026,One Bee,tender
2025-2026,One Bee,paste
2025-2026,One Bee,melon
2025-2026,One Bee,farmer
2025-2026,One Bee,parent
2025-2026,One Bee,tail
2025-2026,One Bee,hockey
2025-2026,One Bee,slime
2025-2026,One Bee,insects
2025-2026,One Bee,teeth
2025-2026,One Bee,shortcut
2025-2026,One Bee,bait
2025-2026,One Bee,lure
2025-2026,One Bee,cluster
2025-2026,One Bee,forest
2025-2026,One Bee,hollow
2025-2026,One Bee,spinning
2025-2026,One Bee,baffling
2025-2026,One Bee,sizzling
2025-2026,One Bee,hoist
2025-2026,One Bee,search
2025-2026,One Bee,remind
2025-2026,One Bee,mango
2025-2026,One Bee,coral
2025-2026,One Bee,jangle
2025-2026,One Bee,shimmer
2025-2026,One Bee,blossoms
2025-2026,One Bee,swampy
2025-2026,One Bee,studded
2025-2026,One Bee,focus
2025-2026,One Bee,distress
2025-2026,One Bee,lessons
2025-2026,One Bee,moment
2025-2026,One Bee,ajar
2025-2026,One Bee,basil
2025-2026,One Bee,triple
2025-2026,One Bee,satin
2025-2026,One Bee,ahoy
2025-2026,One Bee,signal
2025-2026,One Bee,answer
2025-2026,One Bee,shuffle
2025-2026,One Bee,dollop
2025-2026,One Bee,minnows
2025-2026,One Bee,silver
2025-2026,One Bee,before
2025-2026,One Bee,circus
2025-2026,One Bee,writing
2025-2026,One Bee,kitchen
2025-2026,One Bee,sugar
2025-2026,One Bee,awkward
2025-2026,One Bee,seep
2025-2026,One Bee,sweet
2025-2026,One Bee,wheels
2025-2026,One Bee,faint
2025-2026,Kinder Bee,add
2025-2026,Kinder Bee,after
2025-2026,Kinder Bee,again
2025-2026,Kinder Bee,any
2025-2026,Kinder Bee,apart
2025-2026,Kinder Bee,apple
2025-2026,Kinder Bee,arm
2025-2026,Kinder Bee,baby
2025-2026,Kinder Bee,bake
2025-2026,Kinder Bee,bang
2025-2026,Kinder Bee,banana
2025-2026,Kinder Bee,bark
2025-2026,Kinder Bee,beat
2025-2026,Kinder Bee,been
2025-2026,Kinder Bee,being
2025-2026,Kinder Bee,belt
2025-2026,Kinder Bee,bent
2025-2026,Kinder Bee,best
2025-2026,Kinder Bee,bill
2025-2026,Kinder Bee,bike
2025-2026,Kinder Bee,bird
2025-2026,Kinder Bee,birth
2025-2026,Kinder Bee,bone
2025-2026,Kinder Bee,born
2025-2026,Kinder Bee,black
2025-2026,Kinder Bee,blew
2025-2026,Kinder Bee,block
2025-2026,Kinder Bee,blue
2025-2026,Kinder Bee,book
2025-2026,Kinder Bee,brag
2025-2026,Kinder Bee,bring
2025-2026,Kinder Bee,brook
2025-2026,Kinder Bee,brother
2025-2026,Kinder Bee,brown
2025-2026,Kinder Bee,bush
2025-2026,Kinder Bee,came
2025-2026,Kinder Bee,cane
2025-2026,Kinder Bee,card
2025-2026,Kinder Bee,cart
2025-2026,Kinder Bee,case
2025-2026,Kinder Bee,chain
2025-2026,Kinder Bee,chair
2025-2026,Kinder Bee,chalk
2025-2026,Kinder Bee,chat
2025-2026,Kinder Bee,chin
2025-2026,Kinder Bee,chop
2025-2026,Kinder Bee,clam
2025-2026,Kinder Bee,clan
2025-2026,Kinder Bee,clap
2025-2026,Kinder Bee,class
2025-2026,Kinder Bee,claw
2025-2026,Kinder Bee,clay
2025-2026,Kinder Bee,clean
2025-2026,Kinder Bee,clover
2025-2026,Kinder Bee,cloud
2025-2026,Kinder Bee,crayon
2025-2026,Kinder Bee,club
2025-2026,Kinder Bee,coat
2025-2026,Kinder Bee,come
2025-2026,Kinder Bee,cook
2025-2026,Kinder Bee,cool
2025-2026,Kinder Bee,corn
2025-2026,Kinder Bee,could
2025-2026,Kinder Bee,cram
2025-2026,Kinder Bee,crew
2025-2026,Kinder Bee,crib
2025-2026,Kinder Bee,crow
2025-2026,Kinder Bee,crowd
2025-2026,Kinder Bee,crown
2025-2026,Kinder Bee,cube
2025-2026,Kinder Bee,dark
2025-2026,Kinder Bee,deal
2025-2026,Kinder Bee,desk
2025-2026,Kinder Bee,dew
2025-2026,Kinder Bee,dime
2025-2026,Kinder Bee,dine
2025-2026,Kinder Bee,dirt
2025-2026,Kinder Bee,doll
2025-2026,Kinder Bee,door
2025-2026,Kinder Bee,draw
2025-2026,Kinder Bee,dress
2025-2026,Kinder Bee,drink
2025-2026,Kinder Bee,drop
2025-2026,Kinder Bee,dull
2025-2026,Kinder Bee,each
2025-2026,Kinder Bee,east
2025-2026,Kinder Bee,easy
2025-2026,Kinder Bee,eight
2025-2026,Kinder Bee,eleven
2025-2026,Kinder Bee,end
2025-2026,Kinder Bee,every
2025-2026,Kinder Bee,fang
2025-2026,Kinder Bee,farther
2025-2026,Kinder Bee,fast
2025-2026,Kinder Bee,father
2025-2026,Kinder Bee,fell
2025-2026,Kinder Bee,few
2025-2026,Kinder Bee,field
2025-2026,Kinder Bee,fill
2025-2026,Kinder Bee,fine
2025-2026,Kinder Bee,first
2025-2026,Kinder Bee,flag
2025-2026,Kinder Bee,flat
2025-2026,Kinder Bee,flew
2025-2026,Kinder Bee,flower
2025-2026,Kinder Bee,fog
2025-2026,Kinder Bee,fool
2025-2026,Kinder Bee,foot
2025-2026,Kinder Bee,fort
2025-2026,Kinder Bee,free
2025-2026,Kinder Bee,fresh
2025-2026,Kinder Bee,from
2025-2026,Kinder Bee,game
2025-2026,Kinder Bee,gang
2025-2026,Kinder Bee,gave
2025-2026,Kinder Bee,gift
2025-2026,Kinder Bee,girl
2025-2026,Kinder Bee,give
2025-2026,Kinder Bee,glad
2025-2026,Kinder Bee,going
2025-2026,Kinder Bee,golf
2025-2026,Kinder Bee,gone
2025-2026,Kinder Bee,grape
2025-2026,Kinder Bee,grass
2025-2026,Kinder Bee,gray
2025-2026,Kinder Bee,green
2025-2026,Kinder Bee,grew
2025-2026,Kinder Bee,grit
2025-2026,Kinder Bee,gull
2025-2026,Kinder Bee,had
2025-2026,Kinder Bee,hand
2025-2026,Kinder Bee,hang
2025-2026,Kinder Bee,happy
2025-2026,Kinder Bee,hard
2025-2026,Kinder Bee,harm
2025-2026,Kinder Bee,has
2025-2026,Kinder Bee,have
2025-2026,Kinder Bee,heat
2025-2026,Kinder Bee,heavy
2025-2026,Kinder Bee,help
2025-2026,Kinder Bee,here
2025-2026,Kinder Bee,hide
2025-2026,Kinder Bee,hill
2025-2026,Kinder Bee,hint
2025-2026,Kinder Bee,home
2025-2026,Kinder Bee,hope
2025-2026,Kinder Bee,horn
2025-2026,Kinder Bee,how
2025-2026,Kinder Bee,hush
2025-2026,Kinder Bee,ill
2025-2026,Kinder Bee,inside
2025-2026,Kinder Bee,into
2025-2026,Kinder Bee,jaw
2025-2026,Kinder Bee,joke
2025-2026,Kinder Bee,juice
2025-2026,Kinder Bee,jump
2025-2026,Kinder Bee,just
2025-2026,Kinder Bee,keep
2025-2026,Kinder Bee,king
2025-2026,Kinder Bee,kite
2025-2026,Kinder Bee,know
2025-2026,Kinder Bee,last
2025-2026,Kinder Bee,lake
2025-2026,Kinder Bee,late
2025-2026,Kinder Bee,like
2025-2026,Kinder Bee,lime
2025-2026,Kinder Bee,line
2025-2026,Kinder Bee,live
2025-2026,Kinder Bee,look
2025-2026,Kinder Bee,love
2025-2026,Kinder Bee,luck
2025-2026,Kinder Bee,made
2025-2026,Kinder Bee,maid
2025-2026,Kinder Bee,make
2025-2026,Kinder Bee,many
2025-2026,Kinder Bee,map
2025-2026,Kinder Bee,mask
2025-2026,Kinder Bee,may
2025-2026,Kinder Bee,meal
2025-2026,Kinder Bee,meat
2025-2026,Kinder Bee,meet
2025-2026,Kinder Bee,men
2025-2026,Kinder Bee,mice
2025-2026,Kinder Bee,milk
2025-2026,Kinder Bee,mine
2025-2026,Kinder Bee,mint
2025-2026,Kinder Bee,mix
2025-2026,Kinder Bee,moon
2025-2026,Kinder Bee,more
2025-2026,Kinder Bee,morning
2025-2026,Kinder Bee,mother
2025-2026,Kinder Bee,much
2025-2026,Kinder Bee,mule
2025-2026,Kinder Bee,must
2025-2026,Kinder Bee,nail
2025-2026,Kinder Bee,name
2025-2026,Kinder Bee,neat
2025-2026,Kinder Bee,neck
2025-2026,Kinder Bee,nest
2025-2026,Kinder Bee,never
2025-2026,Kinder Bee,next
2025-2026,Kinder Bee,new
2025-2026,Kinder Bee,nine
2025-2026,Kinder Bee,noon
2025-2026,Kinder Bee,nose
2025-2026,Kinder Bee,note
2025-2026,Kinder Bee,now
2025-2026,Kinder Bee,odd
2025-2026,Kinder Bee,of
2025-2026,Kinder Bee,old
2025-2026,Kinder Bee,once
2025-2026,Kinder Bee,open
2025-2026,Kinder Bee,orange
2025-2026,Kinder Bee,other
2025-2026,Kinder Bee,over
2025-2026,Kinder Bee,pain
2025-2026,Kinder Bee,pants
2025-2026,Kinder Bee,part
2025-2026,Kinder Bee,pave
2025-2026,Kinder Bee,pear
2025-2026,Kinder Bee,pen
2025-2026,Kinder Bee,pencil
2025-2026,Kinder Bee,pets
2025-2026,Kinder Bee,pick
2025-2026,Kinder Bee,pink
2025-2026,Kinder Bee,plan
2025-2026,Kinder Bee,plant
2025-2026,Kinder Bee,play
2025-2026,Kinder Bee,poor
2025-2026,Kinder Bee,pretty
2025-2026,Kinder Bee,print
2025-2026,Kinder Bee,punch
2025-2026,Kinder Bee,purple
2025-2026,Kinder Bee,put
2025-2026,Kinder Bee,rain
2025-2026,Kinder Bee,rang
2025-2026,Kinder Bee,rank
2025-2026,Kinder Bee,read
2025-2026,Kinder Bee,ride
2025-2026,Kinder Bee,river
2025-2026,Kinder Bee,road
2025-2026,Kinder Bee,rock
2025-2026,Kinder Bee,rode
2025-2026,Kinder Bee,room
2025-2026,Kinder Bee,rope
2025-2026,Kinder Bee,round
2025-2026,Kinder Bee,rub
2025-2026,Kinder Bee,rubber
2025-2026,Kinder Bee,sail
2025-2026,Kinder Bee,sale
2025-2026,Kinder Bee,same
2025-2026,Kinder Bee,sank
2025-2026,Kinder Bee,save
2025-2026,Kinder Bee,see
2025-2026,Kinder Bee,seed
2025-2026,Kinder Bee,seen
2025-2026,Kinder Bee,seep
2025-2026,Kinder Bee,sell
2025-2026,Kinder Bee,send
2025-2026,Kinder Bee,seven
2025-2026,Kinder Bee,shall
2025-2026,Kinder Bee,shape
2025-2026,Kinder Bee,sink
2025-2026,Kinder Bee,shake
2025-2026,Kinder Bee,shirt
2025-2026,Kinder Bee,ship
2025-2026,Kinder Bee,shoes
2025-2026,Kinder Bee,shop
2025-2026,Kinder Bee,show
2025-2026,Kinder Bee,shut
2025-2026,Kinder Bee,sick
2025-2026,Kinder Bee,side
2025-2026,Kinder Bee,size
2025-2026,Kinder Bee,sled
2025-2026,Kinder Bee,sleep
2025-2026,Kinder Bee,slip
2025-2026,Kinder Bee,slow
2025-2026,Kinder Bee,sister
2025-2026,Kinder Bee,smell
2025-2026,Kinder Bee,snail
2025-2026,Kinder Bee,snap
2025-2026,Kinder Bee,snore
2025-2026,Kinder Bee,snow
2025-2026,Kinder Bee,snug
2025-2026,Kinder Bee,six
2025-2026,Kinder Bee,soda
2025-2026,Kinder Bee,sofa
2025-2026,Kinder Bee,sold
2025-2026,Kinder Bee,some
2025-2026,Kinder Bee,soon
2025-2026,Kinder Bee,spit
2025-2026,Kinder Bee,star
2025-2026,Kinder Bee,start
2025-2026,Kinder Bee,stay
2025-2026,Kinder Bee,step
2025-2026,Kinder Bee,stew
2025-2026,Kinder Bee,still
2025-2026,Kinder Bee,stir
2025-2026,Kinder Bee,stone
2025-2026,Kinder Bee,stool
2025-2026,Kinder Bee,stop
2025-2026,Kinder Bee,stove
2025-2026,Kinder Bee,straw
2025-2026,Kinder Bee,string
2025-2026,Kinder Bee,such
2025-2026,Kinder Bee,summer
2025-2026,Kinder Bee,sun
2025-2026,Kinder Bee,swing
2025-2026,Kinder Bee,table
2025-2026,Kinder Bee,tail
2025-2026,Kinder Bee,take
2025-2026,Kinder Bee,tale
2025-2026,Kinder Bee,tank
2025-2026,Kinder Bee,team
2025-2026,Kinder Bee,tell
2025-2026,Kinder Bee,ten
2025-2026,Kinder Bee,tent
2025-2026,Kinder Bee,test
2025-2026,Kinder Bee,thank
2025-2026,Kinder Bee,their
2025-2026,Kinder Bee,them
2025-2026,Kinder Bee,then
2025-2026,Kinder Bee,these
2025-2026,Kinder Bee,they
2025-2026,Kinder Bee,thick
2025-2026,Kinder Bee,thing
2025-2026,Kinder Bee,think
2025-2026,Kinder Bee,third
2025-2026,Kinder Bee,this
2025-2026,Kinder Bee,time
2025-2026,Kinder Bee,today
2025-2026,Kinder Bee,took
2025-2026,Kinder Bee,train
2025-2026,Kinder Bee,trip
2025-2026,Kinder Bee,truck
2025-2026,Kinder Bee,trust
2025-2026,Kinder Bee,try
2025-2026,Kinder Bee,twelve
2025-2026,Kinder Bee,thank
2025-2026,Kinder Bee,them
2025-2026,Kinder Bee,then
2025-2026,Kinder Bee,there
2025-2026,Kinder Bee,think
2025-2026,Kinder Bee,those
2025-2026,Kinder Bee,tree
2025-2026,Kinder Bee,under
2025-2026,Kinder Bee,upon
2025-2026,Kinder Bee,use
2025-2026,Kinder Bee,used
2025-2026,Kinder Bee,very
2025-2026,Kinder Bee,vest
2025-2026,Kinder Bee,vote
2025-2026,Kinder Bee,wait
2025-2026,Kinder Bee,walk
2025-2026,Kinder Bee,want
2025-2026,Kinder Bee,was
2025-2026,Kinder Bee,water
2025-2026,Kinder Bee,well
2025-2026,Kinder Bee,were
2025-2026,Kinder Bee,west
2025-2026,Kinder Bee,when
2025-2026,Kinder Bee,which
2025-2026,Kinder Bee,white
2025-2026,Kinder Bee,who
2025-2026,Kinder Bee,will
2025-2026,Kinder Bee,wing
2025-2026,Kinder Bee,winter
2025-2026,Kinder Bee,with
2025-2026,Kinder Bee,woman
2025-2026,Kinder Bee,women
2025-2026,Kinder Bee,yell
2025-2026,Kinder Bee,zero
2025-2026,Kinder Bee,zone
20260222,Green,tried
20260222,Green,cried
20260222,Green,trying
20260222,Green,flying
20260222,Green,crying
20260222,Green,using
20260222,Green,eating
20260222,Green,rained
20260222,Green,smiled
20260222,Green,raced
20260222,Green,resting
20260222,Green,spending
20260222,Green,bringing
20260222,Green,fishing
20260222,Green,helped
20260222,Green,asked
20260222,Red,store
20260222,Red,street
20260222,Red,swim
20260222,Red,twin
20260222,Red,camp
20260222,Red,lost
20260222,Red,held
20260222,Red,help
20260222,Red,tent
20260222,Red,went
20260222,Red,hunt
20260222,Red,must
20260222,Red,were
20260222,Red,could
20260227,Green Contraction Words,I’d [I would]
20260227,Green Contraction Words,she’d [She would]
20260227,Green Contraction Words,you’d [You would]
20260227,Green Contraction Words,I’ll [I will]
20260227,Green Contraction Words,we’ll [We will]
20260227,Green Contraction Words,you’ll [You will]
20260227,Green Contraction Words,she’ll [She will]
20260227,Green Contraction Words,he’ll [He will]
20260227,Green Contraction Words,they’ll [They will]
20260227,Green Contraction Words,he’s [He is]
20260227,Green Contraction Words,she’s [She is]
20260227,Green Contraction Words,it’s [It is]
20260227,Green Contraction Words,what’s [What is]
20260227,Green Contraction Words,I’m [I am]
20260227,Green Contraction Words,you’re [You are]
20260227,Green Contraction Words,we’re [We are]
20260227,Green Contraction Words,isn’t [Is not]
20260227,Green Contraction Words,can’t [Cannot]
20260227,Green Contraction Words,doesn’t [Does not]
20260227,Green Contraction Words,won’t [Will not]
20260227,Green Contraction Words,wouldn’t [Would not]
20260227,Green Contraction Words,couldn’t [Could not]
20260227,Green Contraction Words,shouldn’t [Should not]
20260227,Green Contraction Words,don’t [Do not]
20260227,Green Contraction Words,hasn’t [Has not]
20260227,Green Contraction Words,hadn’t [Had not]
20260227,Green Contraction Words,haven’t [Have not]
20260227,Green Contraction Words,aren’t [Are not]
20260227,Green Contraction Words,didn’t [Did not]
20260227,Green Contraction Words,weren’t [Were not]
20260227,Red,hand
20260227,Red,land
20260227,Red,plant
20260227,Red,jump
20260227,Red,felt
20260227,Red,left
20260227,Red,gift
20260227,Red,last
20260227,Red,just
20260227,Red,dream
20260227,Red,please
20260227,Red,spent
20260227,Red,tried
20260227,Red,cried
